<?xml version="1.0" encoding="UTF-8"?>
<!DOCTYPE mapper
  PUBLIC "-//mybatis.org//DTD Mapper 3.0//EN"
  "http://mybatis.org/dtd/mybatis-3-mapper.dtd">
  
  <mapper namespace="board">
  	<select id="selectone" parameterType="int" resultType="com.t3.musicchart.board.BoardDto">
  		SELECT * FROM board2 where idx=#{idx}
  	</select>
  
  	<select id="select" resultType="com.t3.musicchart.board.BoardDto">
  		SELECT * FROM board2
  	</select>
  	
  	<select id="insert" parameterType="com.t3.musicchart.board.BoardDto">
  		insert into board2
  		(idx,title,content,date)
  		VALUES
  		(#{idx}, #{title}, #{content}, now())
  	</select>
  	
  	<update id="update" parameterType="com.t3.musicchart.board.BoardDto">
  		UPDATE board2
  		set title=#{title}, content=#{content}, date=now()
  		where idx=#{idx}
  	</update>
  	
  	<delete id="delete" parameterType="com.t3.musicchart.board.BoardDto">
  		DELETE FROM board2 WHERE idx=#{idx}
  	</delete>
  	
  </mapper>