<?xml version="1.0" encoding="UTF-8"?>
<beans:beans
	xmlns="http://www.springframework.org/schema/mvc"
	xmlns:xsi="http://www.w3.org/2001/XMLSchema-instance"
	xmlns:beans="http://www.springframework.org/schema/beans"
	xmlns:context="http://www.springframework.org/schema/context"
	xsi:schemaLocation="http://www.springframework.org/schema/mvc https://www.springframework.org/schema/mvc/spring-mvc.xsd
		http://www.springframework.org/schema/beans https://www.springframework.org/schema/beans/spring-beans.xsd
		http://www.springframework.org/schema/context https://www.springframework.org/schema/context/spring-context.xsd">

	<!-- DispatcherServlet Context: defines this servlet's request-processing 
		infrastructure -->

	<!-- Enables the Spring MVC @Controller programming model -->
	<annotation-driven />

	<!-- Handles HTTP GET requests for /resources/** by efficiently serving 
		up static resources in the ${webappRoot}/resources directory -->
	<resources mapping="/resources/**" location="/resources/" />

	<!-- Resolves views selected for rendering by @Controllers to .jsp resources 
		in the /WEB-INF/views directory -->
	<beans:bean
		class="org.springframework.web.servlet.view.InternalResourceViewResolver">
		<beans:property name="prefix" value="/WEB-INF/views/" />
		<beans:property name="suffix" value=".jsp" />
	</beans:bean>
	<beans:bean id="ds"
        class="org.springframework.jdbc.datasource.DriverManagerDataSource">
        <beans:property name="driverClassName" value="net.sf.log4jdbc.sql.jdbcapi.DriverSpy" />
        <beans:property name="url" value="jdbc:log4jdbc:mysql://127.0.0.1:3306/mh?allowPublicKeyRetrieval=true&amp;useSSL=false&amp;serverTimezone=UTC" />

        <beans:property name="username" value="root"></beans:property>
        <beans:property name="password" value="1234"></beans:property>
    </beans:bean>

	<!-- mybatis SqlSessionFactoryBean -->
	<beans:bean id="sqlSessionFactory"
		class="org.mybatis.spring.SqlSessionFactoryBean">
		<beans:property name="dataSource" ref="ds" />
		<beans:property name="mapperLocations"
			value="classpath*:mapper/*.xml" />
	</beans:bean>

	<!-- mybatis -->
	<beans:bean id="sqlSession"
		class="org.mybatis.spring.SqlSessionTemplate"
		destroy-method="clearCache">
		<beans:constructor-arg ref="sqlSessionFactory" />
	</beans:bean>
	
	<context:component-scan
		base-package="com.t3.musicchart" />



</beans:beans>
